#syntaxMethod	owner	method	importPath
cats/Align.Ops#align().	cats/Align#align().	cats/Align#align().	cats.syntax.align.*
cats/Align.Ops#alignCombine().	cats/Align#alignCombine().	cats/Align#alignCombine().	cats.syntax.align.*
cats/Align.Ops#alignMergeWith().	cats/Align#alignMergeWith().	cats/Align#alignMergeWith().	cats.syntax.align.*
cats/Align.Ops#alignWith().	cats/Align#alignWith().	cats/Align#alignWith().	cats.syntax.align.*
cats/Align.Ops#padZip().	cats/Align#padZip().	cats/Align#padZip().	cats.syntax.align.*
cats/Align.Ops#padZipWith().	cats/Align#padZipWith().	cats/Align#padZipWith().	cats.syntax.align.*
cats/Align.Ops#zipAll().	cats/Align#zipAll().	cats/Align#zipAll().	cats.syntax.align.*
cats/Alternative.Ops#separate(+1).	cats/Alternative#separate(+1).	cats/Alternative#separate(+1).	cats.syntax.alternative.*
cats/Alternative.Ops#separateFoldable().	cats/Alternative#separateFoldable().	cats/Alternative#separateFoldable().	cats.syntax.alternative.*
cats/Alternative.Ops#unite(+1).	cats/Alternative#unite(+1).	cats/Alternative#unite(+1).	cats.syntax.alternative.*
cats/Apply.Ops#*>().	cats/Apply#*>().	cats/Apply#*>().	cats.syntax.apply.*
cats/Apply.Ops#<*().	cats/Apply#<*().	cats/Apply#<*().	cats.syntax.apply.*
cats/Apply.Ops#<*>().	cats/Apply#<*>().	cats/Apply#<*>().	cats.syntax.apply.*
cats/Apply.Ops#ap().	cats/Apply#ap().	cats/Apply#ap().	cats.syntax.apply.*
cats/Apply.Ops#ap2().	cats/Apply#ap2().	cats/Apply#ap2().	cats.syntax.apply.*
cats/Apply.Ops#map2().	cats/Apply#map2().	cats/Apply#map2().	cats.syntax.apply.*
cats/Apply.Ops#map2Eval().	cats/Apply#map2Eval().	cats/Apply#map2Eval().	cats.syntax.apply.*
cats/Apply.Ops#productL().	cats/Apply#productL().	cats/Apply#productL().	cats.syntax.apply.*
cats/Apply.Ops#productR().	cats/Apply#productR().	cats/Apply#productR().	cats.syntax.apply.*
cats/Bifoldable.Ops#bifold().	cats/Bifoldable#bifold().	cats/Bifoldable#bifold().	cats.syntax.bifoldable.*
cats/Bifoldable.Ops#bifoldLeft().	cats/Bifoldable#bifoldLeft().	cats/Bifoldable#bifoldLeft().	cats.syntax.bifoldable.*
cats/Bifoldable.Ops#bifoldMap().	cats/Bifoldable#bifoldMap().	cats/Bifoldable#bifoldMap().	cats.syntax.bifoldable.*
cats/Bifoldable.Ops#bifoldRight().	cats/Bifoldable#bifoldRight().	cats/Bifoldable#bifoldRight().	cats.syntax.bifoldable.*
cats/Bifunctor.Ops#bimap().	cats/Bifunctor#bimap().	cats/Bifunctor#bimap().	cats.syntax.bifunctor.*
cats/Bifunctor.Ops#leftLiftTo().	cats/Bifunctor#leftLiftTo().	cats/Bifunctor#leftLiftTo().	cats.syntax.bifunctor.*
cats/Bifunctor.Ops#leftMap().	cats/Bifunctor#leftMap().	cats/Bifunctor#leftMap().	cats.syntax.bifunctor.*
cats/Bifunctor.Ops#leftWiden().	cats/Bifunctor#leftWiden().	cats/Bifunctor#leftWiden().	cats.syntax.bifunctor.*
cats/Bitraverse.Ops#bisequence().	cats/Bitraverse#bisequence().	cats/Bitraverse#bisequence().	cats.syntax.bitraverse.*
cats/Bitraverse.Ops#bitraverse().	cats/Bitraverse#bitraverse().	cats/Bitraverse#bitraverse().	cats.syntax.bitraverse.*
cats/CoflatMap.Ops#coflatMap().	cats/CoflatMap#coflatMap().	cats/CoflatMap#coflatMap().	cats.syntax.coflatMap.*
cats/CoflatMap.Ops#coflatten().	cats/CoflatMap#coflatten().	cats/CoflatMap#coflatten().	cats.syntax.coflatMap.*
cats/Comonad.Ops#extract().	cats/Comonad#extract().	cats/Comonad#extract().	cats.syntax.comonad.*
cats/Contravariant.Ops#contramap().	cats/Contravariant#contramap().	cats/Contravariant#contramap().	cats.syntax.contravariant.*
cats/Contravariant.Ops#narrow().	cats/Contravariant#narrow().	cats/Contravariant#narrow().	cats.syntax.contravariant.*
cats/FlatMap.Ops#flatMap().	cats/FlatMap#flatMap().	cats/FlatMap#flatMap().	cats.syntax.flatMap.*
cats/FlatMap.Ops#flatTap().	cats/FlatMap#flatTap().	cats/FlatMap#flatTap().	cats.syntax.flatMap.*
cats/FlatMap.Ops#flatten().	cats/FlatMap#flatten().	cats/FlatMap#flatten().	cats.syntax.flatMap.*
cats/FlatMap.Ops#mproduct().	cats/FlatMap#mproduct().	cats/FlatMap#mproduct().	cats.syntax.flatMap.*
cats/FlatMap.Ops#productLEval().	cats/FlatMap#productLEval().	cats/FlatMap#productLEval().	cats.syntax.flatMap.*
cats/FlatMap.Ops#productREval().	cats/FlatMap#productREval().	cats/FlatMap#productREval().	cats.syntax.flatMap.*
cats/Foldable.Ops#collectFirst().	cats/Foldable#collectFirst().	cats/Foldable#collectFirst().	cats.syntax.foldable.*
cats/Foldable.Ops#collectFirstSome().	cats/Foldable#collectFirstSome().	cats/Foldable#collectFirstSome().	cats.syntax.foldable.*
cats/Foldable.Ops#collectFoldSome().	cats/Foldable#collectFoldSome().	cats/Foldable#collectFoldSome().	cats.syntax.foldable.*
cats/Foldable.Ops#combineAll().	cats/Foldable#combineAll().	cats/Foldable#combineAll().	cats.syntax.foldable.*
cats/Foldable.Ops#combineAllOption().	cats/Foldable#combineAllOption().	cats/Foldable#combineAllOption().	cats.syntax.foldable.*
cats/Foldable.Ops#dropWhile_().	cats/Foldable#dropWhile_().	cats/Foldable#dropWhile_().	cats.syntax.foldable.*
cats/Foldable.Ops#existsM().	cats/Foldable#existsM().	cats/Foldable#existsM().	cats.syntax.foldable.*
cats/Foldable.Ops#filter_().	cats/Foldable#filter_().	cats/Foldable#filter_().	cats.syntax.foldable.*
cats/Foldable.Ops#find().	cats/Foldable#find().	cats/Foldable#find().	cats.syntax.foldable.*
cats/Foldable.Ops#fold().	cats/Foldable#fold().	cats/Foldable#fold().	cats.syntax.foldable.*
cats/Foldable.Ops#foldK().	cats/Foldable#foldK().	cats/Foldable#foldK().	cats.syntax.foldable.*
cats/Foldable.Ops#foldLeft().	cats/Foldable#foldLeft().	cats/Foldable#foldLeft().	cats.syntax.foldable.*
cats/Foldable.Ops#foldLeftM().	cats/Foldable#foldLeftM().	cats/Foldable#foldLeftM().	cats.syntax.foldable.*
cats/Foldable.Ops#foldM().	cats/Foldable#foldM().	cats/Foldable#foldM().	cats.syntax.foldable.*
cats/Foldable.Ops#foldMap().	cats/Foldable#foldMap().	cats/Foldable#foldMap().	cats.syntax.foldable.*
cats/Foldable.Ops#foldMapA().	cats/Foldable#foldMapA().	cats/Foldable#foldMapA().	cats.syntax.foldable.*
cats/Foldable.Ops#foldMapM().	cats/Foldable#foldMapM().	cats/Foldable#foldMapM().	cats.syntax.foldable.*
cats/Foldable.Ops#foldRight().	cats/Foldable#foldRight().	cats/Foldable#foldRight().	cats.syntax.foldable.*
cats/Foldable.Ops#foldRightDefer().	cats/Foldable#foldRightDefer().	cats/Foldable#foldRightDefer().	cats.syntax.foldable.*
cats/Foldable.Ops#forallM().	cats/Foldable#forallM().	cats/Foldable#forallM().	cats.syntax.foldable.*
cats/Foldable.Ops#get().	cats/Foldable#get().	cats/Foldable#get().	cats.syntax.foldable.*
cats/Foldable.Ops#intercalate().	cats/Foldable#intercalate().	cats/Foldable#intercalate().	cats.syntax.foldable.*
cats/Foldable.Ops#maximumByList().	cats/Foldable#maximumByList().	cats/Foldable#maximumByList().	cats.syntax.foldable.*
cats/Foldable.Ops#maximumByOption().	cats/Foldable#maximumByOption().	cats/Foldable#maximumByOption().	cats.syntax.foldable.*
cats/Foldable.Ops#maximumList().	cats/Foldable#maximumList().	cats/Foldable#maximumList().	cats.syntax.foldable.*
cats/Foldable.Ops#maximumOption().	cats/Foldable#maximumOption().	cats/Foldable#maximumOption().	cats.syntax.foldable.*
cats/Foldable.Ops#minimumByList().	cats/Foldable#minimumByList().	cats/Foldable#minimumByList().	cats.syntax.foldable.*
cats/Foldable.Ops#minimumByOption().	cats/Foldable#minimumByOption().	cats/Foldable#minimumByOption().	cats.syntax.foldable.*
cats/Foldable.Ops#minimumList().	cats/Foldable#minimumList().	cats/Foldable#minimumList().	cats.syntax.foldable.*
cats/Foldable.Ops#minimumOption().	cats/Foldable#minimumOption().	cats/Foldable#minimumOption().	cats.syntax.foldable.*
cats/Foldable.Ops#partitionEither().	cats/Foldable#partitionEither().	cats/Foldable#partitionEither().	cats.syntax.foldable.*
cats/Foldable.Ops#productAll().	cats/Foldable#productAll().	cats/Foldable#productAll().	cats.syntax.foldable.*
cats/Foldable.Ops#reduceLeftOption().	cats/Foldable#reduceLeftOption().	cats/Foldable#reduceLeftOption().	cats.syntax.foldable.*
cats/Foldable.Ops#reduceLeftToOption().	cats/Foldable#reduceLeftToOption().	cats/Foldable#reduceLeftToOption().	cats.syntax.foldable.*
cats/Foldable.Ops#reduceRightOption().	cats/Foldable#reduceRightOption().	cats/Foldable#reduceRightOption().	cats.syntax.foldable.*
cats/Foldable.Ops#reduceRightToOption().	cats/Foldable#reduceRightToOption().	cats/Foldable#reduceRightToOption().	cats.syntax.foldable.*
cats/Foldable.Ops#sequenceVoid().	cats/Foldable#sequenceVoid().	cats/Foldable#sequenceVoid().	cats.syntax.foldable.*
cats/Foldable.Ops#sequence_().	cats/Foldable#sequence_().	cats/Foldable#sequence_().	cats.syntax.foldable.*
cats/Foldable.Ops#sumAll().	cats/Foldable#sumAll().	cats/Foldable#sumAll().	cats.syntax.foldable.*
cats/Foldable.Ops#takeWhile_().	cats/Foldable#takeWhile_().	cats/Foldable#takeWhile_().	cats.syntax.foldable.*
cats/Foldable.Ops#toIterable().	cats/Foldable#toIterable().	cats/Foldable#toIterable().	cats.syntax.foldable.*
cats/Foldable.Ops#toList().	cats/Foldable#toList().	cats/Foldable#toList().	cats.syntax.foldable.*
cats/Foldable.Ops#traverseVoid().	cats/Foldable#traverseVoid().	cats/Foldable#traverseVoid().	cats.syntax.foldable.*
cats/Foldable.Ops#traverse_().	cats/Foldable#traverse_().	cats/Foldable#traverse_().	cats.syntax.foldable.*
cats/Functor.Ops#as().	cats/Functor#as().	cats/Functor#as().	cats.syntax.functor.*
cats/Functor.Ops#fmap().	cats/Functor#fmap().	cats/Functor#fmap().	cats.syntax.functor.*
cats/Functor.Ops#fproduct().	cats/Functor#fproduct().	cats/Functor#fproduct().	cats.syntax.functor.*
cats/Functor.Ops#fproductLeft().	cats/Functor#fproductLeft().	cats/Functor#fproductLeft().	cats.syntax.functor.*
cats/Functor.Ops#map().	cats/Functor#map().	cats/Functor#map().	cats.syntax.functor.*
cats/Functor.Ops#mapOrKeep().	cats/Functor#mapOrKeep().	cats/Functor#mapOrKeep().	cats.syntax.functor.*
cats/Functor.Ops#tupleLeft().	cats/Functor#tupleLeft().	cats/Functor#tupleLeft().	cats.syntax.functor.*
cats/Functor.Ops#tupleRight().	cats/Functor#tupleRight().	cats/Functor#tupleRight().	cats.syntax.functor.*
cats/Functor.Ops#void().	cats/Functor#void().	cats/Functor#void().	cats.syntax.functor.*
cats/Functor.Ops#widen().	cats/Functor#widen().	cats/Functor#widen().	cats.syntax.functor.*
cats/FunctorFilter.Ops#collect().	cats/FunctorFilter#collect().	cats/FunctorFilter#collect().	cats.syntax.functorFilter.*
cats/FunctorFilter.Ops#filter().	cats/FunctorFilter#filter().	cats/FunctorFilter#filter().	cats.syntax.functorFilter.*
cats/FunctorFilter.Ops#filterNot().	cats/FunctorFilter#filterNot().	cats/FunctorFilter#filterNot().	cats.syntax.functorFilter.*
cats/FunctorFilter.Ops#flattenOption().	cats/FunctorFilter#flattenOption().	cats/FunctorFilter#flattenOption().	cats.syntax.functorFilter.*
cats/FunctorFilter.Ops#mapFilter().	cats/FunctorFilter#mapFilter().	cats/FunctorFilter#mapFilter().	cats.syntax.functorFilter.*
cats/Invariant.Ops#imap().	cats/Invariant#imap().	cats/Invariant#imap().	cats.syntax.invariant.*
cats/Monad.Ops#iterateUntil().	cats/Monad#iterateUntil().	cats/Monad#iterateUntil().	cats.syntax.monad.*
cats/Monad.Ops#iterateWhile().	cats/Monad#iterateWhile().	cats/Monad#iterateWhile().	cats.syntax.monad.*
cats/Monad.Ops#untilM().	cats/Monad#untilM().	cats/Monad#untilM().	cats.syntax.monad.*
cats/Monad.Ops#untilM_().	cats/Monad#untilM_().	cats/Monad#untilM_().	cats.syntax.monad.*
cats/NonEmptyAlternative.Ops#appendK().	cats/NonEmptyAlternative#appendK().	cats/NonEmptyAlternative#appendK().	cats.syntax.nonEmptyAlternative.*
cats/NonEmptyAlternative.Ops#prependK().	cats/NonEmptyAlternative#prependK().	cats/NonEmptyAlternative#prependK().	cats.syntax.nonEmptyAlternative.*
cats/NonEmptyTraverse.Ops#nonEmptyFlatSequence().	cats/NonEmptyTraverse#nonEmptyFlatSequence().	cats/NonEmptyTraverse#nonEmptyFlatSequence().	cats.syntax.nonEmptyTraverse.*
cats/NonEmptyTraverse.Ops#nonEmptyFlatTraverse().	cats/NonEmptyTraverse#nonEmptyFlatTraverse().	cats/NonEmptyTraverse#nonEmptyFlatTraverse().	cats.syntax.nonEmptyTraverse.*
cats/NonEmptyTraverse.Ops#nonEmptySequence().	cats/NonEmptyTraverse#nonEmptySequence().	cats/NonEmptyTraverse#nonEmptySequence().	cats.syntax.nonEmptyTraverse.*
cats/NonEmptyTraverse.Ops#nonEmptyTraverse().	cats/NonEmptyTraverse#nonEmptyTraverse().	cats/NonEmptyTraverse#nonEmptyTraverse().	cats.syntax.nonEmptyTraverse.*
cats/Reducible.Ops#maximum().	cats/Reducible#maximum().	cats/Reducible#maximum().	cats.syntax.reducible.*
cats/Reducible.Ops#maximumBy().	cats/Reducible#maximumBy().	cats/Reducible#maximumBy().	cats.syntax.reducible.*
cats/Reducible.Ops#maximumByNel().	cats/Reducible#maximumByNel().	cats/Reducible#maximumByNel().	cats.syntax.reducible.*
cats/Reducible.Ops#maximumNel().	cats/Reducible#maximumNel().	cats/Reducible#maximumNel().	cats.syntax.reducible.*
cats/Reducible.Ops#minimum().	cats/Reducible#minimum().	cats/Reducible#minimum().	cats.syntax.reducible.*
cats/Reducible.Ops#minimumBy().	cats/Reducible#minimumBy().	cats/Reducible#minimumBy().	cats.syntax.reducible.*
cats/Reducible.Ops#minimumByNel().	cats/Reducible#minimumByNel().	cats/Reducible#minimumByNel().	cats.syntax.reducible.*
cats/Reducible.Ops#minimumNel().	cats/Reducible#minimumNel().	cats/Reducible#minimumNel().	cats.syntax.reducible.*
cats/Reducible.Ops#nonEmptyIntercalate().	cats/Reducible#nonEmptyIntercalate().	cats/Reducible#nonEmptyIntercalate().	cats.syntax.reducible.*
cats/Reducible.Ops#nonEmptyPartition().	cats/Reducible#nonEmptyPartition().	cats/Reducible#nonEmptyPartition().	cats.syntax.reducible.*
cats/Reducible.Ops#nonEmptySequenceVoid().	cats/Reducible#nonEmptySequenceVoid().	cats/Reducible#nonEmptySequenceVoid().	cats.syntax.reducible.*
cats/Reducible.Ops#nonEmptySequence_().	cats/Reducible#nonEmptySequence_().	cats/Reducible#nonEmptySequence_().	cats.syntax.reducible.*
cats/Reducible.Ops#nonEmptyTraverseVoid().	cats/Reducible#nonEmptyTraverseVoid().	cats/Reducible#nonEmptyTraverseVoid().	cats.syntax.reducible.*
cats/Reducible.Ops#nonEmptyTraverse_().	cats/Reducible#nonEmptyTraverse_().	cats/Reducible#nonEmptyTraverse_().	cats.syntax.reducible.*
cats/Reducible.Ops#reduce().	cats/Reducible#reduce().	cats/Reducible#reduce().	cats.syntax.reducible.*
cats/Reducible.Ops#reduceK().	cats/Reducible#reduceK().	cats/Reducible#reduceK().	cats.syntax.reducible.*
cats/Reducible.Ops#reduceLeft().	cats/Reducible#reduceLeft().	cats/Reducible#reduceLeft().	cats.syntax.reducible.*
cats/Reducible.Ops#reduceLeftM().	cats/Reducible#reduceLeftM().	cats/Reducible#reduceLeftM().	cats.syntax.reducible.*
cats/Reducible.Ops#reduceLeftTo().	cats/Reducible#reduceLeftTo().	cats/Reducible#reduceLeftTo().	cats.syntax.reducible.*
cats/Reducible.Ops#reduceMap().	cats/Reducible#reduceMap().	cats/Reducible#reduceMap().	cats.syntax.reducible.*
cats/Reducible.Ops#reduceMapA().	cats/Reducible#reduceMapA().	cats/Reducible#reduceMapA().	cats.syntax.reducible.*
cats/Reducible.Ops#reduceMapM().	cats/Reducible#reduceMapM().	cats/Reducible#reduceMapM().	cats.syntax.reducible.*
cats/Reducible.Ops#reduceRight().	cats/Reducible#reduceRight().	cats/Reducible#reduceRight().	cats.syntax.reducible.*
cats/Reducible.Ops#reduceRightTo().	cats/Reducible#reduceRightTo().	cats/Reducible#reduceRightTo().	cats.syntax.reducible.*
cats/Reducible.Ops#toNonEmptyList().	cats/Reducible#toNonEmptyList().	cats/Reducible#toNonEmptyList().	cats.syntax.reducible.*
cats/Semigroupal.Ops#product().	cats/Semigroupal#product().	cats/Semigroupal#product().	cats.syntax.semigroupal.*
cats/Traverse.Ops#flatSequence().	cats/Traverse#flatSequence().	cats/Traverse#flatSequence().	cats.syntax.traverse.*
cats/Traverse.Ops#flatTraverse().	cats/Traverse#flatTraverse().	cats/Traverse#flatTraverse().	cats.syntax.traverse.*
cats/Traverse.Ops#mapAccumulate().	cats/Traverse#mapAccumulate().	cats/Traverse#mapAccumulate().	cats.syntax.traverse.*
cats/Traverse.Ops#mapWithIndex().	cats/Traverse#mapWithIndex().	cats/Traverse#mapWithIndex().	cats.syntax.traverse.*
cats/Traverse.Ops#mapWithLongIndex().	cats/Traverse#mapWithLongIndex().	cats/Traverse#mapWithLongIndex().	cats.syntax.traverse.*
cats/Traverse.Ops#sequence().	cats/Traverse#sequence().	cats/Traverse#sequence().	cats.syntax.traverse.*
cats/Traverse.Ops#traverse().	cats/Traverse#traverse().	cats/Traverse#traverse().	cats.syntax.traverse.*
cats/Traverse.Ops#traverseTap().	cats/Traverse#traverseTap().	cats/Traverse#traverseTap().	cats.syntax.traverse.*
cats/Traverse.Ops#traverseWithIndexM().	cats/Traverse#traverseWithIndexM().	cats/Traverse#traverseWithIndexM().	cats.syntax.traverse.*
cats/Traverse.Ops#traverseWithLongIndexM().	cats/Traverse#traverseWithLongIndexM().	cats/Traverse#traverseWithLongIndexM().	cats.syntax.traverse.*
cats/Traverse.Ops#updated_().	cats/Traverse#updated_().	cats/Traverse#updated_().	cats.syntax.traverse.*
cats/Traverse.Ops#zipWithIndex().	cats/Traverse#zipWithIndex().	cats/Traverse#zipWithIndex().	cats.syntax.traverse.*
cats/Traverse.Ops#zipWithLongIndex().	cats/Traverse#zipWithLongIndex().	cats/Traverse#zipWithLongIndex().	cats.syntax.traverse.*
cats/TraverseFilter.Ops#filterA().	cats/TraverseFilter#filterA().	cats/TraverseFilter#filterA().	cats.syntax.traverseFilter.*
cats/TraverseFilter.Ops#hashDistinct().	cats/TraverseFilter#hashDistinct().	cats/TraverseFilter#hashDistinct().	cats.syntax.traverseFilter.*
cats/TraverseFilter.Ops#ordDistinct().	cats/TraverseFilter#ordDistinct().	cats/TraverseFilter#ordDistinct().	cats.syntax.traverseFilter.*
cats/TraverseFilter.Ops#traverseEither().	cats/TraverseFilter#traverseEither().	cats/TraverseFilter#traverseEither().	cats.syntax.traverseFilter.*
cats/TraverseFilter.Ops#traverseFilter().	cats/TraverseFilter#traverseFilter().	cats/TraverseFilter#traverseFilter().	cats.syntax.traverseFilter.*
cats/UnorderedFoldable.Ops#exists().	cats/UnorderedFoldable#exists().	cats/UnorderedFoldable#exists().	cats.syntax.unorderedFoldable.*
cats/UnorderedFoldable.Ops#forall().	cats/UnorderedFoldable#forall().	cats/UnorderedFoldable#forall().	cats.syntax.unorderedFoldable.*
cats/UnorderedFoldable.Ops#isEmpty().	cats/UnorderedFoldable#isEmpty().	cats/UnorderedFoldable#isEmpty().	cats.syntax.unorderedFoldable.*
cats/UnorderedFoldable.Ops#nonEmpty().	cats/UnorderedFoldable#nonEmpty().	cats/UnorderedFoldable#nonEmpty().	cats.syntax.unorderedFoldable.*
cats/UnorderedFoldable.Ops#size().	cats/UnorderedFoldable#size().	cats/UnorderedFoldable#size().	cats.syntax.unorderedFoldable.*
cats/UnorderedFoldable.Ops#unorderedFold().	cats/UnorderedFoldable#unorderedFold().	cats/UnorderedFoldable#unorderedFold().	cats.syntax.unorderedFoldable.*
cats/UnorderedFoldable.Ops#unorderedFoldMap().	cats/UnorderedFoldable#unorderedFoldMap().	cats/UnorderedFoldable#unorderedFoldMap().	cats.syntax.unorderedFoldable.*
cats/UnorderedFoldable.Ops#unorderedFoldMapA().	cats/UnorderedFoldable#unorderedFoldMapA().	cats/UnorderedFoldable#unorderedFoldMapA().	cats.syntax.unorderedFoldable.*
cats/UnorderedTraverse.Ops#unorderedSequence().	cats/UnorderedTraverse#unorderedSequence().	cats/UnorderedTraverse#unorderedSequence().	cats.syntax.unorderedTraverse.*
cats/UnorderedTraverse.Ops#unorderedTraverse().	cats/UnorderedTraverse#unorderedTraverse().	cats/UnorderedTraverse#unorderedTraverse().	cats.syntax.unorderedTraverse.*
cats/syntax/ApplicativeByNameOps#unlessA().	cats/Applicative#unlessA().	cats/Applicative#unlessA().	cats.syntax.applicative.*
cats/syntax/ApplicativeByNameOps#whenA().	cats/Applicative#whenA().	cats/Applicative#whenA().	cats.syntax.applicative.*
cats/syntax/ApplicativeByValueOps#replicateA().	cats/Applicative#replicateA().	cats/Applicative#replicateA().	cats.syntax.applicative.*
cats/syntax/ApplicativeByValueOps#replicateA_().	cats/Applicative#replicateA_().	cats/Applicative#replicateA_().	cats.syntax.applicative.*
cats/syntax/ApplicativeErrorExtensionOps#fromOption().	cats/ApplicativeError#fromOption().	cats/ApplicativeError#fromOption().	cats.syntax.applicativeError.*
cats/syntax/ApplicativeErrorExtensionOps#fromValidated().	cats/ApplicativeError#fromValidated().	cats/ApplicativeError#fromValidated().	cats.syntax.applicativeError.*
cats/syntax/ApplicativeErrorFUnitOps#voidError().	cats/ApplicativeError#voidError().	cats/ApplicativeError#voidError().	cats.syntax.applicativeError.*
cats/syntax/ApplicativeErrorIdOps#raiseError().	cats/ApplicativeError#raiseError().	cats/ApplicativeError#raiseError().	cats.syntax.applicativeError.*
cats/syntax/ApplicativeErrorOps#attempt().	cats/ApplicativeError#attempt().	cats/ApplicativeError#attempt().	cats.syntax.applicativeError.*
cats/syntax/ApplicativeErrorOps#attemptNarrow().	cats/ApplicativeError#attemptNarrow().	cats/ApplicativeError#attemptNarrow().	cats.syntax.applicativeError.*
cats/syntax/ApplicativeErrorOps#attemptT().	cats/ApplicativeError#attemptT().	cats/ApplicativeError#attemptT().	cats.syntax.applicativeError.*
cats/syntax/ApplicativeErrorOps#handleError().	cats/ApplicativeError#handleError().	cats/ApplicativeError#handleError().	cats.syntax.applicativeError.*
cats/syntax/ApplicativeErrorOps#handleErrorWith().	cats/ApplicativeError#handleErrorWith().	cats/ApplicativeError#handleErrorWith().	cats.syntax.applicativeError.*
cats/syntax/ApplicativeErrorOps#onError().	cats/ApplicativeError#onError().	cats/ApplicativeError#onError().	cats.syntax.applicativeError.*
cats/syntax/ApplicativeErrorOps#recover().	cats/ApplicativeError#recover().	cats/ApplicativeError#recover().	cats.syntax.applicativeError.*
cats/syntax/ApplicativeErrorOps#recoverWith().	cats/ApplicativeError#recoverWith().	cats/ApplicativeError#recoverWith().	cats.syntax.applicativeError.*
cats/syntax/ApplicativeErrorOps#redeem().	cats/ApplicativeError#redeem().	cats/ApplicativeError#redeem().	cats.syntax.applicativeError.*
cats/syntax/ApplicativeIdOps#pure().	cats/Applicative#pure().	cats/Applicative#pure().	cats.syntax.applicative.*
cats/syntax/ApplicativeOps#replicateA().	cats/Applicative#replicateA().	cats/Applicative#replicateA().	cats.syntax.applicative.*
cats/syntax/ApplicativeOps#unlessA().	cats/Applicative#unlessA().	cats/Applicative#unlessA().	cats.syntax.applicative.*
cats/syntax/ApplicativeOps#whenA().	cats/Applicative#whenA().	cats/Applicative#whenA().	cats.syntax.applicative.*
cats/syntax/ApplyFABCOps#ap2().	cats/Apply#ap2().	cats/Apply#ap2().	cats.syntax.apply.*
cats/syntax/ApplyFABOps#<*>().	cats/Apply#<*>().	cats/Apply#<*>().	cats.syntax.apply.*
cats/syntax/ApplyFABOps#ap().	cats/Apply#ap().	cats/Apply#ap().	cats.syntax.apply.*
cats/syntax/ApplyOps#*>().	cats/Apply#*>().	cats/Apply#*>().	cats.syntax.apply.*
cats/syntax/ApplyOps#<*().	cats/Apply#<*().	cats/Apply#<*().	cats.syntax.apply.*
cats/syntax/ApplyOps#followedBy().	cats/Apply#followedBy().	cats/Apply#followedBy().	cats.syntax.apply.*
cats/syntax/ApplyOps#forEffect().	cats/Apply#forEffect().	cats/Apply#forEffect().	cats.syntax.apply.*
cats/syntax/ApplyOps#map2().	cats/Apply#map2().	cats/Apply#map2().	cats.syntax.apply.*
cats/syntax/ApplyOps#map2Eval().	cats/Apply#map2Eval().	cats/Apply#map2Eval().	cats.syntax.apply.*
cats/syntax/ApplyOps#productL().	cats/Apply#productL().	cats/Apply#productL().	cats.syntax.apply.*
cats/syntax/ApplyOps#productR().	cats/Apply#productR().	cats/Apply#productR().	cats.syntax.apply.*
cats/syntax/BitraverseOps#bitraverse().	cats/Bitraverse#bitraverse().	cats/Bitraverse#bitraverse().	cats.syntax.bitraverse.*
cats/syntax/BitraverseOpsBinCompat0#leftTraverse().	cats/Bitraverse#leftTraverse().	cats/Bitraverse#leftTraverse().	cats.syntax.bitraverse.*
cats/syntax/DistributiveOps#cosequence().	cats/Distributive#cosequence().	cats/Distributive#cosequence().	cats.syntax.distributive.*
cats/syntax/DistributiveOps#distribute().	cats/Distributive#distribute().	cats/Distributive#distribute().	cats.syntax.distributive.*
cats/syntax/EitherOps#combine().	cats/kernel/Semigroup#combine().	cats/kernel/Semigroup#combine().	cats.syntax.either.*
cats/syntax/EitherOps#compare().	cats/kernel/Order#compare().	cats/kernel/Order#compare().	cats.syntax.either.*
cats/syntax/EitherOps#partialCompare().	cats/kernel/PartialOrder#partialCompare().	cats/kernel/PartialOrder#partialCompare().	cats.syntax.either.*
cats/syntax/EqOps#eqv().	cats/kernel/Eq#eqv().	cats/kernel/Eq#eqv().	cats.syntax.eq.*
cats/syntax/EqOps#neqv().	cats/kernel/Eq#neqv().	cats/kernel/Eq#neqv().	cats.syntax.eq.*
cats/syntax/FlatMapIdOps#iterateForeverM().	cats/FlatMap#iterateForeverM().	cats/FlatMap#iterateForeverM().	cats.syntax.flatMap.*
cats/syntax/FlatMapIdOps#tailRecM().	cats/FlatMap#tailRecM().	cats/FlatMap#tailRecM().	cats.syntax.flatMap.*
cats/syntax/FlatMapOps#followedByEval().	cats/FlatMap#followedByEval().	cats/FlatMap#followedByEval().	cats.syntax.flatMap.*
cats/syntax/FlatMapOps#forEffectEval().	cats/FlatMap#forEffectEval().	cats/FlatMap#forEffectEval().	cats.syntax.flatMap.*
cats/syntax/FlatMapOps#foreverM().	cats/FlatMap#foreverM().	cats/FlatMap#foreverM().	cats.syntax.flatMap.*
cats/syntax/FlatMapOptionOps#untilDefinedM().	cats/FlatMap#untilDefinedM().	cats/FlatMap#untilDefinedM().	cats.syntax.flatMap.*
cats/syntax/FlattenOps#flatten().	cats/FlatMap#flatten().	cats/FlatMap#flatten().	cats.syntax.flatMap.*
cats/syntax/FoldableOps#collectFirstSomeM().	cats/Foldable#collectFirstSomeM().	cats/Foldable#collectFirstSomeM().	cats.syntax.foldable.*
cats/syntax/FoldableOps#collectFold().	cats/Foldable#collectFold().	cats/Foldable#collectFold().	cats.syntax.foldable.*
cats/syntax/FoldableOps#contains_().	cats/UnorderedFoldable#contains_().	cats/UnorderedFoldable#contains_().	cats.syntax.foldable.*
cats/syntax/FoldableOps#findM().	cats/Foldable#findM().	cats/Foldable#findM().	cats.syntax.foldable.*
cats/syntax/FoldableOps#foldA().	cats/Foldable#foldA().	cats/Foldable#foldA().	cats.syntax.foldable.*
cats/syntax/FoldableOps0#foldMapK().	cats/Foldable#foldMapK().	cats/Foldable#foldMapK().	cats.syntax.foldable.*
cats/syntax/FoldableOps0#partitionBifold().	cats/Foldable#partitionBifold().	cats/Foldable#partitionBifold().	cats.syntax.foldable.*
cats/syntax/FoldableOps0#partitionBifoldM().	cats/Foldable#partitionBifoldM().	cats/Foldable#partitionBifoldM().	cats.syntax.foldable.*
cats/syntax/FoldableOps0#partitionEitherM().	cats/Foldable#partitionEitherM().	cats/Foldable#partitionEitherM().	cats.syntax.foldable.*
cats/syntax/FoldableOps1#partitionBifold().	cats/Foldable#partitionBifold().	cats/Foldable#partitionBifold().	cats.syntax.foldable.*
cats/syntax/FoldableOps1#partitionBifoldM().	cats/Foldable#partitionBifoldM().	cats/Foldable#partitionBifoldM().	cats.syntax.foldable.*
cats/syntax/FoldableOps1#partitionEitherM().	cats/Foldable#partitionEitherM().	cats/Foldable#partitionEitherM().	cats.syntax.foldable.*
cats/syntax/FunctorTuple2Ops#unzip().	cats/Functor#unzip().	cats/Functor#unzip().	cats.syntax.functor.*
cats/syntax/GroupOps#inverse().	cats/kernel/Group#inverse().	cats/kernel/Group#inverse().	cats.syntax.group.*
cats/syntax/GroupOps#remove().	cats/kernel/Group#remove().	cats/kernel/Group#remove().	cats.syntax.group.*
cats/syntax/GuardOps#guard().	cats/Alternative#guard().	cats/Alternative#guard().	cats.syntax.alternative.*
cats/syntax/HashOps#hash().	cats/kernel/Hash#hash().	cats/kernel/Hash#hash().	cats.syntax.hash.*
cats/syntax/IfApplyOps#ifA().	cats/Apply#ifA().	cats/Apply#ifA().	cats.syntax.apply.*
cats/syntax/IfFOps#ifF().	cats/Functor#ifF().	cats/Functor#ifF().	cats.syntax.functor.*
cats/syntax/IfMOps#ifM().	cats/FlatMap#ifM().	cats/FlatMap#ifM().	cats.syntax.flatMap.*
cats/syntax/IndexOps#index().	cats/Representable#index().	cats/Representable#index().	cats.syntax.representable.*
cats/syntax/LeftNestedBitraverseOps#leftSequence().	cats/Bitraverse#leftSequence().	cats/Bitraverse#leftSequence().	cats.syntax.bitraverse.*
cats/syntax/MonadErrorOps#adaptError().	cats/ApplicativeError#adaptError().	cats/MonadError#adaptError().	cats.syntax.monadError.*
cats/syntax/MonadErrorOps#attemptTap().	cats/MonadError#attemptTap().	cats/MonadError#attemptTap().	cats.syntax.monadError.*
cats/syntax/MonadErrorOps#ensure().	cats/MonadError#ensure().	cats/MonadError#ensure().	cats.syntax.monadError.*
cats/syntax/MonadErrorOps#ensureOr().	cats/MonadError#ensureOr().	cats/MonadError#ensureOr().	cats.syntax.monadError.*
cats/syntax/MonadErrorOps#redeemWith().	cats/MonadError#redeemWith().	cats/MonadError#redeemWith().	cats.syntax.monadError.*
cats/syntax/MonadErrorRethrowOps#rethrow().	cats/MonadError#rethrow().	cats/MonadError#rethrow().	cats.syntax.monadError.*
cats/syntax/MonadIdOps#iterateUntilM().	cats/Monad#iterateUntilM().	cats/Monad#iterateUntilM().	cats.syntax.monad.*
cats/syntax/MonadIdOps#iterateWhileM().	cats/Monad#iterateWhileM().	cats/Monad#iterateWhileM().	cats.syntax.monad.*
cats/syntax/MonadOps#flatMapOrKeep().	cats/Monad#flatMapOrKeep().	cats/Monad#flatMapOrKeep().	cats.syntax.monad.*
cats/syntax/MonadOps#iterateUntil().	cats/Monad#iterateUntil().	cats/Monad#iterateUntil().	cats.syntax.monad.*
cats/syntax/MonadOps#iterateWhile().	cats/Monad#iterateWhile().	cats/Monad#iterateWhile().	cats.syntax.monad.*
cats/syntax/MonadOps#untilM().	cats/Monad#untilM().	cats/Monad#untilM().	cats.syntax.monad.*
cats/syntax/MonadOps#untilM_().	cats/Monad#untilM_().	cats/Monad#untilM_().	cats.syntax.monad.*
cats/syntax/MonadOps#whileM().	cats/Monad#whileM().	cats/Monad#whileM().	cats.syntax.monad.*
cats/syntax/MonadOps#whileM_().	cats/Monad#whileM_().	cats/Monad#whileM_().	cats.syntax.monad.*
cats/syntax/MonoidOps#isEmpty().	cats/kernel/Monoid#isEmpty().	cats/kernel/Monoid#isEmpty().	cats.syntax.monoid.*
cats/syntax/NestedBitraverseOps#bisequence().	cats/Bitraverse#bisequence().	cats/Bitraverse#bisequence().	cats.syntax.bitraverse.*
cats/syntax/NestedFoldableOps#foldK().	cats/Foldable#foldK().	cats/Foldable#foldK().	cats.syntax.foldable.*
cats/syntax/NestedFoldableOps#sequenceVoid().	cats/Foldable#sequenceVoid().	cats/Foldable#sequenceVoid().	cats.syntax.foldable.*
cats/syntax/NestedFoldableOps#sequence_().	cats/Foldable#sequence_().	cats/Foldable#sequence_().	cats.syntax.foldable.*
cats/syntax/NestedReducibleOps#reduceK().	cats/Reducible#reduceK().	cats/Reducible#reduceK().	cats.syntax.reducible.*
cats/syntax/NonEmptyAlternativeOps#appendK().	cats/NonEmptyAlternative#appendK().	cats/NonEmptyAlternative#appendK().	cats.syntax.nonEmptyAlternative.*
cats/syntax/NonEmptyAlternativeOps#prependK().	cats/NonEmptyAlternative#prependK().	cats/NonEmptyAlternative#prependK().	cats.syntax.nonEmptyAlternative.*
cats/syntax/NonEmptyParallelApOps#parProductL().	cats/NonEmptyParallel#parProductL().	cats/NonEmptyParallel#parProductL().	cats.syntax.parallel.*
cats/syntax/NonEmptyParallelApOps#parProductR().	cats/NonEmptyParallel#parProductR().	cats/NonEmptyParallel#parProductR().	cats.syntax.parallel.*
cats/syntax/OrderOps#compare().	cats/kernel/Order#compare().	cats/kernel/Order#compare().	cats.syntax.order.*
cats/syntax/OrderOps#comparison().	cats/kernel/Order#comparison().	cats/kernel/Order#comparison().	cats.syntax.order.*
cats/syntax/OrderOps#max().	cats/kernel/Order#max().	cats/kernel/Order#max().	cats.syntax.order.*
cats/syntax/OrderOps#min().	cats/kernel/Order#min().	cats/kernel/Order#min().	cats.syntax.order.*
cats/syntax/ParallelApOps#parProductL().	cats/NonEmptyParallel#parProductL().	cats/NonEmptyParallel#parProductL().	cats.syntax.parallel.*
cats/syntax/ParallelApOps#parProductR().	cats/NonEmptyParallel#parProductR().	cats/NonEmptyParallel#parProductR().	cats.syntax.parallel.*
cats/syntax/PartialOrderOps#partialCompare().	cats/kernel/PartialOrder#partialCompare().	cats/kernel/PartialOrder#partialCompare().	cats.syntax.partialOrder.*
cats/syntax/PartialOrderOps#partialComparison().	cats/kernel/PartialOrder#partialComparison().	cats/kernel/PartialOrder#partialComparison().	cats.syntax.partialOrder.*
cats/syntax/PartialOrderOps#pmax().	cats/kernel/PartialOrder#pmax().	cats/kernel/PartialOrder#pmax().	cats.syntax.partialOrder.*
cats/syntax/PartialOrderOps#pmin().	cats/kernel/PartialOrder#pmin().	cats/kernel/PartialOrder#pmin().	cats.syntax.partialOrder.*
cats/syntax/PartialOrderOps#tryCompare().	cats/kernel/PartialOrder#tryCompare().	cats/kernel/PartialOrder#tryCompare().	cats.syntax.partialOrder.*
cats/syntax/ReducibleOps0#reduceA().	cats/Reducible#reduceA().	cats/Reducible#reduceA().	cats.syntax.reducible.*
cats/syntax/ReducibleOps0#reduceMapK().	cats/Reducible#reduceMapK().	cats/Reducible#reduceMapK().	cats.syntax.reducible.*
cats/syntax/SemigroupOps#combine().	cats/kernel/Semigroup#combine().	cats/kernel/Semigroup#combine().	cats.syntax.semigroup.*
cats/syntax/SemigroupOps#combineN().	cats/kernel/Semigroup#combineN().	cats/kernel/Semigroup#combineN().	cats.syntax.semigroup.*
cats/syntax/SemigroupalBuilder#SemigroupalBuilder1#contramap().	cats/Contravariant#contramap().	cats/Contravariant#contramap().	cats.syntax.apply.*
cats/syntax/SemigroupalBuilder#SemigroupalBuilder1#imap().	cats/Invariant#imap().	cats/Invariant#imap().	cats.syntax.apply.*
cats/syntax/SemigroupalBuilder#SemigroupalBuilder1#map().	cats/Functor#map().	cats/Functor#map().	cats.syntax.apply.*
cats/syntax/SemigroupalBuilder#SemigroupalBuilder10#contramap().	cats/Contravariant#contramap().	cats/Contravariant#contramap().	cats.syntax.apply.*
cats/syntax/SemigroupalBuilder#SemigroupalBuilder10#imap().	cats/Invariant#imap().	cats/Invariant#imap().	cats.syntax.apply.*
cats/syntax/SemigroupalBuilder#SemigroupalBuilder10#map().	cats/Functor#map().	cats/Functor#map().	cats.syntax.apply.*
cats/syntax/SemigroupalBuilder#SemigroupalBuilder11#contramap().	cats/Contravariant#contramap().	cats/Contravariant#contramap().	cats.syntax.apply.*
cats/syntax/SemigroupalBuilder#SemigroupalBuilder11#imap().	cats/Invariant#imap().	cats/Invariant#imap().	cats.syntax.apply.*
cats/syntax/SemigroupalBuilder#SemigroupalBuilder11#map().	cats/Functor#map().	cats/Functor#map().	cats.syntax.apply.*
cats/syntax/SemigroupalBuilder#SemigroupalBuilder12#contramap().	cats/Contravariant#contramap().	cats/Contravariant#contramap().	cats.syntax.apply.*
cats/syntax/SemigroupalBuilder#SemigroupalBuilder12#imap().	cats/Invariant#imap().	cats/Invariant#imap().	cats.syntax.apply.*
cats/syntax/SemigroupalBuilder#SemigroupalBuilder12#map().	cats/Functor#map().	cats/Functor#map().	cats.syntax.apply.*
cats/syntax/SemigroupalBuilder#SemigroupalBuilder13#contramap().	cats/Contravariant#contramap().	cats/Contravariant#contramap().	cats.syntax.apply.*
cats/syntax/SemigroupalBuilder#SemigroupalBuilder13#imap().	cats/Invariant#imap().	cats/Invariant#imap().	cats.syntax.apply.*
cats/syntax/SemigroupalBuilder#SemigroupalBuilder13#map().	cats/Functor#map().	cats/Functor#map().	cats.syntax.apply.*
cats/syntax/SemigroupalBuilder#SemigroupalBuilder14#contramap().	cats/Contravariant#contramap().	cats/Contravariant#contramap().	cats.syntax.apply.*
cats/syntax/SemigroupalBuilder#SemigroupalBuilder14#imap().	cats/Invariant#imap().	cats/Invariant#imap().	cats.syntax.apply.*
cats/syntax/SemigroupalBuilder#SemigroupalBuilder14#map().	cats/Functor#map().	cats/Functor#map().	cats.syntax.apply.*
cats/syntax/SemigroupalBuilder#SemigroupalBuilder15#contramap().	cats/Contravariant#contramap().	cats/Contravariant#contramap().	cats.syntax.apply.*
cats/syntax/SemigroupalBuilder#SemigroupalBuilder15#imap().	cats/Invariant#imap().	cats/Invariant#imap().	cats.syntax.apply.*
cats/syntax/SemigroupalBuilder#SemigroupalBuilder15#map().	cats/Functor#map().	cats/Functor#map().	cats.syntax.apply.*
cats/syntax/SemigroupalBuilder#SemigroupalBuilder16#contramap().	cats/Contravariant#contramap().	cats/Contravariant#contramap().	cats.syntax.apply.*
cats/syntax/SemigroupalBuilder#SemigroupalBuilder16#imap().	cats/Invariant#imap().	cats/Invariant#imap().	cats.syntax.apply.*
cats/syntax/SemigroupalBuilder#SemigroupalBuilder16#map().	cats/Functor#map().	cats/Functor#map().	cats.syntax.apply.*
cats/syntax/SemigroupalBuilder#SemigroupalBuilder17#contramap().	cats/Contravariant#contramap().	cats/Contravariant#contramap().	cats.syntax.apply.*
cats/syntax/SemigroupalBuilder#SemigroupalBuilder17#imap().	cats/Invariant#imap().	cats/Invariant#imap().	cats.syntax.apply.*
cats/syntax/SemigroupalBuilder#SemigroupalBuilder17#map().	cats/Functor#map().	cats/Functor#map().	cats.syntax.apply.*
cats/syntax/SemigroupalBuilder#SemigroupalBuilder18#contramap().	cats/Contravariant#contramap().	cats/Contravariant#contramap().	cats.syntax.apply.*
cats/syntax/SemigroupalBuilder#SemigroupalBuilder18#imap().	cats/Invariant#imap().	cats/Invariant#imap().	cats.syntax.apply.*
cats/syntax/SemigroupalBuilder#SemigroupalBuilder18#map().	cats/Functor#map().	cats/Functor#map().	cats.syntax.apply.*
cats/syntax/SemigroupalBuilder#SemigroupalBuilder19#contramap().	cats/Contravariant#contramap().	cats/Contravariant#contramap().	cats.syntax.apply.*
cats/syntax/SemigroupalBuilder#SemigroupalBuilder19#imap().	cats/Invariant#imap().	cats/Invariant#imap().	cats.syntax.apply.*
cats/syntax/SemigroupalBuilder#SemigroupalBuilder19#map().	cats/Functor#map().	cats/Functor#map().	cats.syntax.apply.*
cats/syntax/SemigroupalBuilder#SemigroupalBuilder2#contramap().	cats/Contravariant#contramap().	cats/Contravariant#contramap().	cats.syntax.apply.*
cats/syntax/SemigroupalBuilder#SemigroupalBuilder2#imap().	cats/Invariant#imap().	cats/Invariant#imap().	cats.syntax.apply.*
cats/syntax/SemigroupalBuilder#SemigroupalBuilder2#map().	cats/Functor#map().	cats/Functor#map().	cats.syntax.apply.*
cats/syntax/SemigroupalBuilder#SemigroupalBuilder20#contramap().	cats/Contravariant#contramap().	cats/Contravariant#contramap().	cats.syntax.apply.*
cats/syntax/SemigroupalBuilder#SemigroupalBuilder20#imap().	cats/Invariant#imap().	cats/Invariant#imap().	cats.syntax.apply.*
cats/syntax/SemigroupalBuilder#SemigroupalBuilder20#map().	cats/Functor#map().	cats/Functor#map().	cats.syntax.apply.*
cats/syntax/SemigroupalBuilder#SemigroupalBuilder21#contramap().	cats/Contravariant#contramap().	cats/Contravariant#contramap().	cats.syntax.apply.*
cats/syntax/SemigroupalBuilder#SemigroupalBuilder21#imap().	cats/Invariant#imap().	cats/Invariant#imap().	cats.syntax.apply.*
cats/syntax/SemigroupalBuilder#SemigroupalBuilder21#map().	cats/Functor#map().	cats/Functor#map().	cats.syntax.apply.*
cats/syntax/SemigroupalBuilder#SemigroupalBuilder22#contramap().	cats/Contravariant#contramap().	cats/Contravariant#contramap().	cats.syntax.apply.*
cats/syntax/SemigroupalBuilder#SemigroupalBuilder22#imap().	cats/Invariant#imap().	cats/Invariant#imap().	cats.syntax.apply.*
cats/syntax/SemigroupalBuilder#SemigroupalBuilder22#map().	cats/Functor#map().	cats/Functor#map().	cats.syntax.apply.*
cats/syntax/SemigroupalBuilder#SemigroupalBuilder3#contramap().	cats/Contravariant#contramap().	cats/Contravariant#contramap().	cats.syntax.apply.*
cats/syntax/SemigroupalBuilder#SemigroupalBuilder3#imap().	cats/Invariant#imap().	cats/Invariant#imap().	cats.syntax.apply.*
cats/syntax/SemigroupalBuilder#SemigroupalBuilder3#map().	cats/Functor#map().	cats/Functor#map().	cats.syntax.apply.*
cats/syntax/SemigroupalBuilder#SemigroupalBuilder4#contramap().	cats/Contravariant#contramap().	cats/Contravariant#contramap().	cats.syntax.apply.*
cats/syntax/SemigroupalBuilder#SemigroupalBuilder4#imap().	cats/Invariant#imap().	cats/Invariant#imap().	cats.syntax.apply.*
cats/syntax/SemigroupalBuilder#SemigroupalBuilder4#map().	cats/Functor#map().	cats/Functor#map().	cats.syntax.apply.*
cats/syntax/SemigroupalBuilder#SemigroupalBuilder5#contramap().	cats/Contravariant#contramap().	cats/Contravariant#contramap().	cats.syntax.apply.*
cats/syntax/SemigroupalBuilder#SemigroupalBuilder5#imap().	cats/Invariant#imap().	cats/Invariant#imap().	cats.syntax.apply.*
cats/syntax/SemigroupalBuilder#SemigroupalBuilder5#map().	cats/Functor#map().	cats/Functor#map().	cats.syntax.apply.*
cats/syntax/SemigroupalBuilder#SemigroupalBuilder6#contramap().	cats/Contravariant#contramap().	cats/Contravariant#contramap().	cats.syntax.apply.*
cats/syntax/SemigroupalBuilder#SemigroupalBuilder6#imap().	cats/Invariant#imap().	cats/Invariant#imap().	cats.syntax.apply.*
cats/syntax/SemigroupalBuilder#SemigroupalBuilder6#map().	cats/Functor#map().	cats/Functor#map().	cats.syntax.apply.*
cats/syntax/SemigroupalBuilder#SemigroupalBuilder7#contramap().	cats/Contravariant#contramap().	cats/Contravariant#contramap().	cats.syntax.apply.*
cats/syntax/SemigroupalBuilder#SemigroupalBuilder7#imap().	cats/Invariant#imap().	cats/Invariant#imap().	cats.syntax.apply.*
cats/syntax/SemigroupalBuilder#SemigroupalBuilder7#map().	cats/Functor#map().	cats/Functor#map().	cats.syntax.apply.*
cats/syntax/SemigroupalBuilder#SemigroupalBuilder8#contramap().	cats/Contravariant#contramap().	cats/Contravariant#contramap().	cats.syntax.apply.*
cats/syntax/SemigroupalBuilder#SemigroupalBuilder8#imap().	cats/Invariant#imap().	cats/Invariant#imap().	cats.syntax.apply.*
cats/syntax/SemigroupalBuilder#SemigroupalBuilder8#map().	cats/Functor#map().	cats/Functor#map().	cats.syntax.apply.*
cats/syntax/SemigroupalBuilder#SemigroupalBuilder9#contramap().	cats/Contravariant#contramap().	cats/Contravariant#contramap().	cats.syntax.apply.*
cats/syntax/SemigroupalBuilder#SemigroupalBuilder9#imap().	cats/Invariant#imap().	cats/Invariant#imap().	cats.syntax.apply.*
cats/syntax/SemigroupalBuilder#SemigroupalBuilder9#map().	cats/Functor#map().	cats/Functor#map().	cats.syntax.apply.*
cats/syntax/SemigroupalOps2#product().	cats/Semigroupal#product().	cats/Semigroupal#product().	cats.syntax.semigroupal.*
cats/syntax/SeparateOps#separateFoldable().	cats/Alternative#separateFoldable().	cats/Alternative#separateFoldable().	cats.syntax.alternative.*
cats/syntax/SeparateOpsBinCompat0#separate().	cats/Alternative#separate(+1).	cats/Alternative#separate(+1).	cats.syntax.alternative.*
cats/syntax/SequenceFilterOps#sequenceFilter().	cats/TraverseFilter#sequenceFilter().	cats/TraverseFilter#sequenceFilter().	cats.syntax.traverseFilter.*
cats/syntax/TabulateOps#tabulate().	cats/Representable#tabulate().	cats/Representable#tabulate().	cats.syntax.representable.*
cats/syntax/TraverseFilterOps#traverseCollect().	cats/TraverseFilter#traverseCollect().	cats/TraverseFilter#traverseCollect().	cats.syntax.traverseFilter.*
cats/syntax/Tuple1SemigroupalOps#contramap().	cats/Contravariant#contramap().	cats/Contravariant#contramap().	cats.syntax.apply.*
cats/syntax/Tuple1SemigroupalOps#flatMap().	cats/FlatMap#flatMap().	cats/FlatMap#flatMap().	cats.syntax.apply.*
cats/syntax/Tuple1SemigroupalOps#imap().	cats/Invariant#imap().	cats/Invariant#imap().	cats.syntax.apply.*
cats/syntax/Tuple1SemigroupalOps#map().	cats/Functor#map().	cats/Functor#map().	cats.syntax.apply.*
cats/syntax/Tuple1SemigroupalOps#traverse().	cats/Traverse#traverse().	cats/Traverse#traverse().	cats.syntax.apply.*
cats/syntax/UniteOpsBinCompat0#unite().	cats/Alternative#unite(+1).	cats/Alternative#unite(+1).	cats.syntax.alternative.*
cats/syntax/UnorderedFoldableOps#contains_().	cats/UnorderedFoldable#contains_().	cats/UnorderedFoldable#contains_().	cats.syntax.unorderedFoldable.*
cats/syntax/UnorderedFoldableOps#count().	cats/UnorderedFoldable#count().	cats/UnorderedFoldable#count().	cats.syntax.unorderedFoldable.*
